Open,High,Low,Close,Adj Close,Volume
3380.050048828125,3397.0400390625,3380.050048828125,3393.139892578125,3393.139892578125,419337
3393.8349609375,3412.60009765625,3393.830078125,3411.000244140625,3411.000244140625,242323
3410.5048828125,3416.0,3403.47998046875,3414.47998046875,3414.47998046875,154986
3413.989990234375,3417.14990234375,3404.64990234375,3411.75390625,3411.75390625,149139
3411.090087890625,3415.0,3404.9599609375,3414.36376953125,3414.36376953125,111375
3414.116455078125,3414.116455078125,3406.77001953125,3409.919921875,3409.919921875,71387
3410.6298828125,3416.0,3408.330078125,3410.43994140625,3410.43994140625,98640
3410.3212890625,3426.139892578125,3410.3212890625,3425.5048828125,3425.5048828125,145452
3426.25,3427.5048828125,3420.64990234375,3424.919921875,3424.919921875,141498
3424.219970703125,3426.635009765625,3419.239990234375,3423.0,3423.0,101948
3423.590087890625,3428.9599609375,3421.860107421875,3427.014892578125,3427.014892578125,129411
3427.5,3427.55126953125,3419.945068359375,3423.080078125,3423.080078125,111074
3423.010009765625,3426.0,3414.60009765625,3415.989990234375,3415.989990234375,324327
3402.010009765625,3409.139892578125,3393.39990234375,3403.31005859375,3403.31005859375,350502
3405.489990234375,3412.0,3400.590087890625,3403.287109375,3403.287109375,187624
3403.1298828125,3405.25,3394.0,3395.360107421875,3395.360107421875,150777
3394.719970703125,3401.72998046875,3394.2099609375,3395.0,3395.0,96018
3395.0,3406.0,3393.7099609375,3404.56005859375,3404.56005859375,88774
3405.02001953125,3411.56884765625,3402.9951171875,3410.34375,3410.34375,113187
3410.989990234375,3418.199951171875,3406.728271484375,3414.969970703125,3414.969970703125,100912
3414.1455078125,3414.85009765625,3410.179931640625,3413.8798828125,3413.8798828125,68189
3413.610107421875,3413.610107421875,3400.02001953125,3400.5,3400.5,92936
3400.590087890625,3407.0,3400.260009765625,3404.0,3404.0,81551
3404.400390625,3407.780029296875,3397.02001953125,3407.4599609375,3407.4599609375,120862
3407.5,3410.699951171875,3401.010009765625,3408.449951171875,3408.449951171875,121242
3408.889892578125,3429.260009765625,3408.701904296875,3426.56298828125,3426.56298828125,330835
3371.5,3381.559814453125,3340.0,3351.0,3351.0,937192
3349.419921875,3357.39990234375,3339.610107421875,3357.39990234375,3357.39990234375,421985
3357.5234375,3363.18994140625,3348.416748046875,3351.35009765625,3351.35009765625,291059
3351.77001953125,3377.360107421875,3351.0,3369.18994140625,3369.18994140625,248983
3369.320068359375,3378.0,3366.22998046875,3375.7099609375,3375.7099609375,181979
3375.744140625,3381.6201171875,3370.820068359375,3376.360107421875,3376.360107421875,124625
3375.659912109375,3376.239990234375,3366.110107421875,3367.64990234375,3367.64990234375,122862
3367.219970703125,3391.219970703125,3365.889892578125,3388.75,3388.75,182670
3388.77001953125,3393.0,3385.1298828125,3392.5,3392.5,122192
3393.75,3399.5263671875,3390.0,3397.280029296875,3397.280029296875,139966
3397.589599609375,3405.8798828125,3390.550048828125,3399.739013671875,3399.739013671875,167295
3400.402099609375,3415.570068359375,3400.402099609375,3410.0,3410.0,196028
3409.39990234375,3414.02001953125,3404.02490234375,3406.68994140625,3406.68994140625,262570
3357.7099609375,3369.18994140625,3333.530029296875,3348.455078125,3348.455078125,629624
3347.860107421875,3347.89990234375,3321.56005859375,3331.969970703125,3331.969970703125,385717
3330.239990234375,3335.6201171875,3321.10009765625,3322.580078125,3322.580078125,219207
3322.4599609375,3323.60009765625,3307.77001953125,3309.7900390625,3309.7900390625,273901
3309.591796875,3313.0,3295.610107421875,3309.675048828125,3309.675048828125,354031
3309.3916015625,3322.334716796875,3299.639892578125,3316.22998046875,3316.22998046875,257211
3315.010009765625,3315.389892578125,3290.10009765625,3296.2900390625,3296.2900390625,253861
3296.39501953125,3311.5390625,3293.679931640625,3308.1298828125,3308.1298828125,182871
3308.389892578125,3310.0,3301.5,3301.639892578125,3301.639892578125,125119
3302.10009765625,3319.2099609375,3296.409912109375,3319.2099609375,3319.2099609375,197912
3318.205078125,3327.0,3309.419921875,3322.107421875,3322.107421875,240940
3321.14990234375,3330.0,3314.239990234375,3314.614990234375,3314.614990234375,387784
3314.60498046875,3324.139892578125,3310.89990234375,3315.9599609375,3315.9599609375,486331
3322.110107421875,3344.550048828125,3317.864990234375,3337.64990234375,3337.64990234375,475189
3337.64990234375,3351.300048828125,3335.1201171875,3342.10009765625,3342.10009765625,203972
3343.360107421875,3347.969970703125,3329.0048828125,3342.919189453125,3342.919189453125,198005
3342.9951171875,3344.320068359375,3325.800048828125,3326.054931640625,3326.054931640625,124726
3326.699951171875,3328.679931640625,3317.489990234375,3323.2099609375,3323.2099609375,192108
3321.570068359375,3324.889892578125,3300.300048828125,3303.889892578125,3303.889892578125,113281
3303.4775390625,3313.989990234375,3299.010009765625,3309.5,3309.5,109965
3308.570068359375,3312.759765625,3301.625,3305.0,3305.0,73798
3304.06005859375,3309.0,3298.0,3308.409912109375,3308.409912109375,245164
3307.760009765625,3326.320068359375,3306.469970703125,3323.0,3323.0,140851
3323.389892578125,3330.9599609375,3320.39990234375,3327.074951171875,3327.074951171875,93336
3327.169921875,3329.215087890625,3316.22998046875,3321.0,3321.0,101306
3320.4599609375,3321.590087890625,3297.8701171875,3302.75,3302.75,292461
3316.0,3327.85009765625,3306.760009765625,3316.659912109375,3316.659912109375,335564
3316.669921875,3322.3701171875,3306.300048828125,3308.9375,3308.9375,156048
3310.070068359375,3310.820068359375,3299.2099609375,3300.489990234375,3300.489990234375,135661
3300.010009765625,3313.97998046875,3298.830078125,3311.25,3311.25,132047
3311.56005859375,3311.97998046875,3290.050048828125,3296.47998046875,3296.47998046875,243333
3294.739990234375,3297.5,3279.10888671875,3281.635009765625,3281.635009765625,211579
3279.800048828125,3295.1201171875,3273.989990234375,3290.510009765625,3290.510009765625,218445
3290.56005859375,3300.0,3285.830078125,3294.705810546875,3294.705810546875,121342
3295.372314453125,3299.659912109375,3288.97998046875,3299.659912109375,3299.659912109375,94617
3300.659912109375,3310.5400390625,3299.6298828125,3310.5400390625,3310.5400390625,131568
3310.0,3313.47998046875,3305.714599609375,3305.760009765625,3305.760009765625,112879
3305.340087890625,3310.982421875,3298.7099609375,3304.5849609375,3304.5849609375,146983
3304.31005859375,3311.389892578125,3284.510009765625,3286.610107421875,3286.610107421875,375254
3289.010009765625,3307.0,3276.889892578125,3283.8701171875,3283.8701171875,423107
3284.14990234375,3288.4951171875,3265.14990234375,3266.39990234375,3266.39990234375,242727
3266.329833984375,3272.0,3255.93994140625,3270.449951171875,3270.449951171875,210844
3269.85009765625,3282.965087890625,3262.840087890625,3279.260009765625,3279.260009765625,174973
3281.72509765625,3285.636474609375,3273.443115234375,3276.68994140625,3276.68994140625,127700
3277.409912109375,3278.6201171875,3267.389892578125,3269.43994140625,3269.43994140625,133939
3270.2900390625,3271.0,3261.43994140625,3266.199951171875,3266.199951171875,157734
3268.0,3276.580078125,3265.260009765625,3272.300048828125,3272.300048828125,139576
3272.320068359375,3282.360107421875,3270.360107421875,3272.56005859375,3272.56005859375,125724
3272.4951171875,3275.409912109375,3265.64501953125,3269.68994140625,3269.68994140625,168569
3270.050048828125,3284.719970703125,3269.64501953125,3280.919921875,3280.919921875,135806
3280.909912109375,3287.360107421875,3278.77490234375,3279.419921875,3279.419921875,151591
3279.445068359375,3290.25,3276.68994140625,3283.169921875,3283.169921875,374734
3279.389892578125,3279.989990234375,3224.27490234375,3233.419921875,3233.419921875,596170
3231.489990234375,3232.530029296875,3200.68994140625,3209.929931640625,3209.929931640625,436122
3208.95556640625,3209.81005859375,3180.43994140625,3198.872314453125,3198.872314453125,558394
3198.639892578125,3203.824951171875,3188.85009765625,3194.75,3194.75,260043
3193.989990234375,3210.4677734375,3182.280029296875,3208.39990234375,3208.39990234375,278103
3207.780029296875,3208.89990234375,3185.0,3188.58154296875,3188.58154296875,206203
3188.27001953125,3195.580078125,3182.510009765625,3187.150146484375,3187.150146484375,189199
3187.110107421875,3196.39990234375,3181.0,3187.949951171875,3187.949951171875,163614
3187.16259765625,3194.81298828125,3183.010009765625,3183.31005859375,3183.31005859375,152429
3182.965087890625,3201.0,3182.965087890625,3190.47998046875,3190.47998046875,173970
3190.429931640625,3199.60009765625,3187.56005859375,3196.590087890625,3196.590087890625,154013
3196.590087890625,3211.86865234375,3177.7900390625,3177.7900390625,3177.7900390625,382728
3177.445068359375,3191.889892578125,3176.25,3191.699951171875,3191.699951171875,556097
3204.5,3233.093994140625,3202.464111328125,3229.93994140625,3229.93994140625,557271
3230.60009765625,3246.39501953125,3229.27001953125,3244.010009765625,3244.010009765625,331895
3244.580078125,3253.0048828125,3234.675048828125,3249.955078125,3249.955078125,252608
3250.489990234375,3257.949951171875,3247.0,3250.18994140625,3250.18994140625,177765
3250.510009765625,3255.340087890625,3245.449951171875,3252.060302734375,3252.060302734375,132529
3252.5849609375,3260.25,3248.93994140625,3254.489990234375,3254.489990234375,130261
3255.949951171875,3256.550048828125,3246.699951171875,3250.35009765625,3250.35009765625,126956
3249.429931640625,3250.5,3244.10009765625,3248.885009765625,3248.885009765625,81338
3250.655029296875,3258.0,3249.97998046875,3255.110107421875,3255.110107421875,75720
3256.239990234375,3260.72998046875,3253.699951171875,3256.010009765625,3256.010009765625,130589
3255.6201171875,3256.4150390625,3246.409912109375,3248.5,3248.5,124863
3248.0673828125,3253.760009765625,3237.032470703125,3237.452392578125,3237.452392578125,177992
3237.1298828125,3240.22998046875,3218.0,3220.989990234375,3220.989990234375,419359
3213.530029296875,3239.159912109375,3201.929931640625,3213.31005859375,3213.31005859375,472253
3211.10009765625,3246.635009765625,3198.6201171875,3241.31494140625,3241.31494140625,325226
3241.141357421875,3251.610107421875,3234.39990234375,3245.597900390625,3245.597900390625,202164
3245.22998046875,3248.199951171875,3228.550048828125,3234.138916015625,3234.138916015625,118204
3232.10009765625,3247.10009765625,3230.0,3244.949951171875,3244.949951171875,93928
3244.89990234375,3246.389892578125,3230.0,3233.844970703125,3233.844970703125,74674
3231.550048828125,3241.199951171875,3229.389892578125,3235.550048828125,3235.550048828125,61056
3236.050048828125,3245.041015625,3227.3798828125,3245.041015625,3245.041015625,101481
3246.169921875,3256.97509765625,3243.919921875,3253.280029296875,3253.280029296875,159582
3254.0,3261.22998046875,3248.35009765625,3260.471923828125,3260.471923828125,132089
3260.2529296875,3263.449951171875,3248.77490234375,3249.56005859375,3249.56005859375,142488
3249.780029296875,3260.82421875,3249.0,3259.534912109375,3259.534912109375,120932
3258.260009765625,3264.340087890625,3248.219970703125,3263.199951171875,3263.199951171875,276280
3291.5400390625,3316.10498046875,3283.06005859375,3313.800048828125,3313.800048828125,598010
3314.93994140625,3320.512451171875,3312.580078125,3318.949951171875,3318.949951171875,204683
3319.179931640625,3322.47998046875,3315.2099609375,3319.110107421875,3319.110107421875,207239
3319.449951171875,3320.574951171875,3312.024169921875,3315.199951171875,3315.199951171875,117268
3314.320068359375,3320.530029296875,3314.2099609375,3319.129150390625,3319.129150390625,105684
3318.85009765625,3319.610107421875,3315.659912109375,3318.17626953125,3318.17626953125,61218
3318.219970703125,3321.0,3317.0,3320.695068359375,3320.695068359375,76553
3320.409912109375,3324.14990234375,3317.0,3324.14990234375,3324.14990234375,81658
3324.2099609375,3325.74609375,3318.713134765625,3320.819580078125,3320.819580078125,100541
3320.110107421875,3321.989990234375,3314.659912109375,3314.89306640625,3314.89306640625,119112
3315.110107421875,3315.45751953125,3306.669921875,3309.110107421875,3309.110107421875,139638
3308.340087890625,3315.610107421875,3307.1298828125,3313.8701171875,3313.8701171875,114286
3313.25,3315.3798828125,3300.2099609375,3302.429931640625,3302.429931640625,269901
3313.77001953125,3321.429931640625,3302.0,3310.0,3310.0,366016
3310.72509765625,3320.800048828125,3310.1201171875,3318.25,3318.25,123909
3319.219970703125,3319.489990234375,3298.5,3302.39990234375,3302.39990234375,167320
3302.169921875,3309.52001953125,3298.0,3302.863525390625,3302.863525390625,138151
3302.35009765625,3306.0,3295.0,3298.010009765625,3298.010009765625,121311
3297.675048828125,3304.719970703125,3297.4599609375,3301.260009765625,3301.260009765625,107886
3300.179931640625,3308.52490234375,3300.0,3302.0,3302.0,76249
3301.580078125,3304.34033203125,3293.219970703125,3294.64990234375,3294.64990234375,101005
3293.85009765625,3302.43994140625,3293.85009765625,3301.179931640625,3301.179931640625,67773
3301.570068359375,3308.5,3299.1337890625,3307.800048828125,3307.800048828125,79374
3307.0,3307.530029296875,3300.3828125,3303.64990234375,3303.64990234375,69627
3302.969970703125,3303.610107421875,3297.47998046875,3300.044921875,3300.044921875,84847
3300.1201171875,3300.1201171875,3288.199951171875,3290.570068359375,3290.570068359375,254063
3275.0,3288.99951171875,3263.0,3282.9150390625,3282.9150390625,298393
3283.8701171875,3292.58984375,3282.6298828125,3284.3798828125,3284.3798828125,160745
3283.965087890625,3286.77001953125,3272.20751953125,3272.237548828125,3272.237548828125,117131
3272.719970703125,3277.77001953125,3272.487060546875,3276.89990234375,3276.89990234375,86955
3276.8349609375,3282.800048828125,3275.419921875,3279.0,3279.0,62012
3279.4453125,3279.4453125,3267.3798828125,3271.9599609375,3271.9599609375,96983
3272.75,3272.75,3262.739990234375,3266.8447265625,3266.8447265625,101131
3266.0,3266.0,3244.22216796875,3247.014892578125,3247.014892578125,187781
3247.5048828125,3249.25,3238.10009765625,3243.840087890625,3243.840087890625,123023
3243.159912109375,3257.919921875,3240.854248046875,3250.417236328125,3250.417236328125,131329
3250.739990234375,3259.22998046875,3245.580078125,3258.090087890625,3258.090087890625,125931
3258.580078125,3265.0,3256.409912109375,3256.409912109375,3256.409912109375,135543
3256.070068359375,3257.97998046875,3245.14990234375,3245.14990234375,3245.14990234375,235583
3257.0,3265.449951171875,3240.0,3242.409912109375,3242.409912109375,284948
3242.0,3262.658203125,3240.800048828125,3252.6201171875,3252.6201171875,145157
3250.0,3251.929931640625,3236.280029296875,3237.080078125,3237.080078125,126650
3238.949951171875,3251.7099609375,3238.949951171875,3245.357421875,3245.357421875,91622
3246.090087890625,3252.77001953125,3241.923095703125,3252.77001953125,3252.77001953125,64817
3252.929931640625,3258.110107421875,3251.64990234375,3253.169921875,3253.169921875,116172
3252.456298828125,3254.68994140625,3245.64990234375,3248.889892578125,3248.889892578125,78103
3248.969970703125,3253.72998046875,3245.876953125,3252.0,3252.0,57641
3251.64990234375,3258.080078125,3250.429931640625,3254.780029296875,3254.780029296875,77789
3254.139892578125,3260.419921875,3251.580078125,3258.639892578125,3258.639892578125,115121
3259.340087890625,3261.080078125,3252.830078125,3254.0,3254.0,77348
3254.6650390625,3254.6650390625,3247.77001953125,3251.080078125,3251.080078125,94996
3250.75,3254.14990234375,3242.050048828125,3247.330078125,3247.330078125,237204
3266.889892578125,3279.800048828125,3261.0888671875,3270.6298828125,3270.6298828125,347622
3272.6298828125,3275.0,3261.3701171875,3266.97509765625,3266.97509765625,138744
3266.570068359375,3278.6025390625,3266.47509765625,3274.27001953125,3274.27001953125,181094
3275.0,3277.570068359375,3269.050048828125,3270.02001953125,3270.02001953125,102897
3269.7900390625,3275.0,3261.090087890625,3272.889892578125,3272.889892578125,194378
3273.695068359375,3275.55078125,3270.35009765625,3274.85009765625,3274.85009765625,72111
3274.669921875,3275.97998046875,3267.56005859375,3270.43994140625,3270.43994140625,63158
3269.60009765625,3275.72998046875,3269.60009765625,3275.50244140625,3275.50244140625,62879
3274.75,3280.669921875,3274.75,3277.77001953125,3277.77001953125,95096
3277.52001953125,3288.3798828125,3275.31005859375,3282.678955078125,3282.678955078125,160846
3283.057373046875,3285.096923828125,3277.320068359375,3279.27001953125,3279.27001953125,93190
3280.010009765625,3285.0,3278.39990234375,3281.60498046875,3281.60498046875,113044
3282.56005859375,3287.030029296875,3281.27001953125,3285.0,3285.0,327505
3302.4541015625,3309.0,3292.0,3308.0,3308.0,452427
3308.10009765625,3312.60009765625,3299.75,3301.065185546875,3301.065185546875,222801
3302.6201171875,3308.27001953125,3301.80419921875,3305.14990234375,3305.14990234375,92324
3306.27001953125,3308.4599609375,3300.4599609375,3308.4599609375,3308.4599609375,95472
3308.5,3308.90673828125,3303.5,3306.2099609375,3306.2099609375,100658
3305.75,3308.389892578125,3305.0,3305.85009765625,3305.85009765625,64205
3307.35009765625,3312.0,3306.010009765625,3309.804931640625,3309.804931640625,106309
3309.360107421875,3309.360107421875,3303.419921875,3303.590087890625,3303.590087890625,69294
3304.139892578125,3306.800048828125,3302.8798828125,3306.1650390625,3306.1650390625,70122
3305.800048828125,3306.0,3303.409912109375,3304.570068359375,3304.570068359375,54692
3304.5,3304.5,3298.25,3299.800048828125,3299.800048828125,120983
3299.56005859375,3301.6298828125,3295.25,3299.840087890625,3299.840087890625,110730
3299.56005859375,3303.35009765625,3295.39990234375,3299.8798828125,3299.8798828125,199510
3311.419921875,3312.76708984375,3304.0,3309.659912109375,3309.659912109375,390748
3310.43994140625,3323.31005859375,3306.14990234375,3318.449951171875,3318.449951171875,342811
3319.330078125,3369.699951171875,3319.330078125,3369.39990234375,3369.39990234375,701232
3370.31005859375,3392.780029296875,3367.10009765625,3377.9599609375,3377.9599609375,701703
3377.800048828125,3380.97998046875,3372.050048828125,3377.639892578125,3377.639892578125,322939
3378.139892578125,3383.239990234375,3376.300048828125,3377.820068359375,3377.820068359375,330288
3377.98193359375,3387.169921875,3377.0,3386.761474609375,3386.761474609375,142130
3387.56005859375,3390.739990234375,3380.0,3380.530029296875,3380.530029296875,206066
3380.36962890625,3386.0,3379.7900390625,3385.10888671875,3385.10888671875,181180
3385.860107421875,3394.5,3385.35986328125,3388.199951171875,3388.199951171875,269670
3388.1298828125,3396.39990234375,3386.010009765625,3395.875,3395.875,211490
3396.169921875,3402.675048828125,3391.1298828125,3401.9599609375,3401.9599609375,317199
3402.139892578125,3410.419921875,3396.090087890625,3409.22998046875,3409.22998046875,788253
3388.357666015625,3434.669921875,3385.10009765625,3420.050048828125,3420.050048828125,864011
3422.419921875,3429.9599609375,3398.60009765625,3409.300048828125,3409.300048828125,345377
3409.580078125,3409.580078125,3398.39990234375,3403.889892578125,3403.889892578125,196322
3404.5,3421.239990234375,3403.02001953125,3411.530029296875,3411.530029296875,170098
3411.94091796875,3422.0,3411.371337890625,3419.824951171875,3419.824951171875,120328
3419.14990234375,3422.69775390625,3411.280029296875,3419.0,3419.0,114116
3419.31591796875,3429.7900390625,3418.119384765625,3428.396484375,3428.396484375,109581
3429.52001953125,3437.0,3425.554931640625,3436.97998046875,3436.97998046875,113666
3436.93994140625,3441.39990234375,3435.3876953125,3436.090087890625,3436.090087890625,123967
3436.669921875,3442.0,3436.25,3437.7099609375,3437.7099609375,80789
3438.889892578125,3448.0,3438.60009765625,3446.478515625,3446.478515625,157064
3446.840087890625,3447.72998046875,3441.169921875,3443.0,3443.0,160001
3442.469970703125,3449.169921875,3438.219970703125,3446.010009765625,3446.010009765625,306384
3432.0,3453.014892578125,3426.25,3429.816650390625,3429.816650390625,533021
3428.695068359375,3445.669921875,3428.480712890625,3440.530029296875,3440.530029296875,174141
3439.7099609375,3443.6201171875,3432.0,3443.455078125,3443.455078125,108951
3443.89990234375,3444.0,3431.02001953125,3434.47998046875,3434.47998046875,116008
3434.080078125,3436.43994140625,3422.739990234375,3424.447509765625,3424.447509765625,149265
3424.5,3428.455078125,3422.0,3426.93994140625,3426.93994140625,129305
3427.56005859375,3431.469970703125,3425.02001953125,3431.469970703125,3431.469970703125,90220
3431.7099609375,3434.469970703125,3427.52001953125,3428.840087890625,3428.840087890625,104495
3428.632568359375,3432.159912109375,3427.8701171875,3432.159912109375,3432.159912109375,51212
3432.0341796875,3444.219970703125,3432.0,3436.7900390625,3436.7900390625,148197
3436.844970703125,3446.544921875,3435.60009765625,3445.68505859375,3445.68505859375,95948
3445.159912109375,3454.5,3440.3232421875,3444.969970703125,3444.969970703125,211050
3444.405029296875,3449.5,3441.489990234375,3444.469970703125,3444.469970703125,240861
3452.659912109375,3462.860107421875,3433.25,3439.72998046875,3439.72998046875,375446
3440.77001953125,3442.010009765625,3430.25,3438.77001953125,3438.77001953125,183919
3438.25,3441.0,3427.0,3427.43505859375,3427.43505859375,137192
3427.7900390625,3431.639892578125,3421.030029296875,3424.455078125,3424.455078125,143285
3425.56005859375,3436.0,3422.81005859375,3434.070068359375,3434.070068359375,91485
3435.0,3435.0,3428.0400390625,3428.0400390625,3428.0400390625,65219
3428.25,3430.33984375,3423.610107421875,3425.544921875,3425.544921875,71137
3426.074951171875,3426.14990234375,3400.3701171875,3410.989990234375,3410.989990234375,236422
3410.655029296875,3415.0,3407.31005859375,3412.0849609375,3412.0849609375,99576
3412.43994140625,3419.409912109375,3410.0,3413.97998046875,3413.97998046875,86202
3413.75,3418.919921875,3411.449951171875,3417.0400390625,3417.0400390625,74940
3417.14990234375,3424.59619140625,3417.129638671875,3419.5048828125,3419.5048828125,116390
3419.3798828125,3420.840087890625,3409.0,3414.830078125,3414.830078125,253766
3414.25,3433.39501953125,3403.0,3424.360107421875,3424.360107421875,354963
3424.5,3427.0,3415.280029296875,3427.0,3427.0,165480
3428.169921875,3437.340087890625,3425.352294921875,3432.239990234375,3432.239990234375,148304
3433.2900390625,3440.280029296875,3427.840087890625,3430.239990234375,3430.239990234375,126711
3429.610107421875,3434.52001953125,3422.85400390625,3425.0,3425.0,116664
3424.320068359375,3430.43505859375,3419.110107421875,3428.39990234375,3428.39990234375,76631
3428.840087890625,3436.739990234375,3425.780029296875,3434.60009765625,3434.60009765625,67138
3434.8701171875,3438.2900390625,3433.2900390625,3437.445068359375,3437.445068359375,63393
3437.510009765625,3438.739990234375,3429.590087890625,3430.7587890625,3430.7587890625,91563
3431.0,3434.0,3429.010009765625,3433.20751953125,3433.20751953125,44243
3433.469970703125,3437.4599609375,3433.469970703125,3437.381591796875,3437.381591796875,43032
3438.0,3440.0,3435.550048828125,3439.219970703125,3439.219970703125,104045
3439.7900390625,3439.9599609375,3427.0,3435.010009765625,3435.010009765625,234991
3421.0,3429.68994140625,3390.0,3401.47998046875,3401.47998046875,432368
3400.81005859375,3405.989990234375,3392.0,3405.68994140625,3405.68994140625,191375
3404.7900390625,3404.93994140625,3373.075439453125,3375.35205078125,3375.35205078125,298077
3374.7099609375,3386.905029296875,3348.275146484375,3358.0,3358.0,288783
3356.824951171875,3359.010009765625,3337.070068359375,3350.010009765625,3350.010009765625,263948
3349.97509765625,3351.35498046875,3339.570068359375,3346.239990234375,3346.239990234375,140801
3346.7900390625,3367.110107421875,3346.05712890625,3353.340087890625,3353.340087890625,178471
3353.340087890625,3359.389892578125,3348.72998046875,3349.280029296875,3349.280029296875,118732
3347.175048828125,3353.0048828125,3341.35009765625,3342.294921875,3342.294921875,115089
3342.840087890625,3354.554931640625,3341.780029296875,3348.614990234375,3348.614990234375,109327
3348.0,3359.989990234375,3346.77001953125,3346.77001953125,3346.77001953125,119857
3345.919921875,3346.68994140625,3337.43505859375,3337.43505859375,3337.43505859375,184095
3338.058349609375,3346.27001953125,3331.300048828125,3335.52001953125,3335.52001953125,396398
3335.0,3347.7998046875,3297.760009765625,3318.989990234375,3318.989990234375,513882
3318.090087890625,3324.030029296875,3306.341064453125,3310.927490234375,3310.927490234375,192680
3310.929931640625,3311.885009765625,3303.260009765625,3310.830078125,3310.830078125,130725
3310.5,3312.0,3305.1201171875,3305.9599609375,3305.9599609375,113681
3305.300048828125,3307.0,3298.2099609375,3306.7353515625,3306.7353515625,137572
3307.14990234375,3315.791015625,3307.0,3313.030029296875,3313.030029296875,99880
3313.485107421875,3334.010009765625,3313.485107421875,3326.842529296875,3326.842529296875,134459
3326.29150390625,3329.580078125,3324.450927734375,3325.139892578125,3325.139892578125,51947
3325.43994140625,3326.304931640625,3321.389892578125,3321.389892578125,3321.389892578125,57202
3320.570068359375,3331.014892578125,3318.81494140625,3330.919921875,3330.919921875,92230
3331.719970703125,3333.4599609375,3324.75,3326.3701171875,3326.3701171875,93696
3326.56005859375,3327.800048828125,3318.2783203125,3320.070068359375,3320.070068359375,100919
3321.0,3322.639892578125,3311.093017578125,3322.39990234375,3322.39990234375,237070
3349.510009765625,3406.800048828125,3343.97998046875,3392.52001953125,3392.52001953125,635622
3393.1650390625,3414.3701171875,3393.1650390625,3409.8798828125,3409.8798828125,271830
3409.794921875,3416.1201171875,3406.239990234375,3408.135009765625,3408.135009765625,174549
3408.93994140625,3412.97509765625,3400.199951171875,3403.340087890625,3403.340087890625,150896
3405.659912109375,3406.25,3384.52001953125,3385.489990234375,3385.489990234375,167264
3384.14990234375,3386.53369140625,3374.449951171875,3376.47998046875,3376.47998046875,141670
3376.2900390625,3381.39990234375,3357.080078125,3364.110107421875,3364.110107421875,132512
3364.155029296875,3370.0,3360.0,3366.31005859375,3366.31005859375,123056
3365.02490234375,3376.0,3365.010009765625,3373.791259765625,3373.791259765625,86750
3373.675048828125,3383.4951171875,3372.409912109375,3381.47998046875,3381.47998046875,91987
3381.8798828125,3384.0,3374.760009765625,3380.760009765625,3380.760009765625,78850
3381.22998046875,3385.949951171875,3377.81005859375,3381.219970703125,3381.219970703125,131537
3381.409912109375,3391.0,3373.070068359375,3375.889892578125,3375.889892578125,257070
3388.0,3411.5,3381.1650390625,3400.409912109375,3400.409912109375,326123
3400.85009765625,3400.889892578125,3371.453369140625,3386.514892578125,3386.514892578125,223869
3388.059814453125,3398.0,3375.0400390625,3386.695068359375,3386.695068359375,193910
3385.199951171875,3396.60009765625,3385.199951171875,3389.169921875,3389.169921875,118394
3387.969970703125,3391.169921875,3379.070068359375,3389.400146484375,3389.400146484375,121109
3388.885986328125,3400.989990234375,3388.885986328125,3398.06494140625,3398.06494140625,125140
3398.409912109375,3418.43994140625,3396.764892578125,3414.68994140625,3414.68994140625,170883
3414.205078125,3437.0,3409.31005859375,3432.330078125,3432.330078125,265512
3432.139892578125,3433.340087890625,3420.4599609375,3426.0,3426.0,165210
3426.445068359375,3428.080078125,3418.764892578125,3418.764892578125,3418.764892578125,109884
3419.655029296875,3424.909912109375,3408.905029296875,3410.360107421875,3410.360107421875,128226
3409.5,3414.159912109375,3394.070068359375,3402.219970703125,3402.219970703125,204003
3402.2099609375,3407.141357421875,3389.010009765625,3393.324951171875,3393.324951171875,279810
3400.0,3408.989990234375,3386.4150390625,3397.695068359375,3397.695068359375,490206
3399.0,3422.907958984375,3396.8701171875,3422.907958984375,3422.907958984375,260982
3422.655029296875,3445.969970703125,3421.034912109375,3434.75,3434.75,398700
3434.360107421875,3445.800048828125,3428.16015625,3444.3349609375,3444.3349609375,216987
3444.909912109375,3458.077880859375,3438.72998046875,3451.389892578125,3451.389892578125,325905
3451.169921875,3479.0,3450.9501953125,3475.030029296875,3475.030029296875,406907
3474.68994140625,3477.330078125,3455.330078125,3459.1298828125,3459.1298828125,271488
3459.5400390625,3474.199951171875,3458.965087890625,3473.032470703125,3473.032470703125,185633
3472.75,3477.784912109375,3465.320068359375,3471.5,3471.5,209184
3471.5654296875,3472.39990234375,3467.652587890625,3469.699951171875,3469.699951171875,137931
3470.481201171875,3477.77001953125,3468.070068359375,3471.150634765625,3471.150634765625,280889
3470.56005859375,3470.56005859375,3450.2900390625,3455.9326171875,3455.9326171875,320995
3455.60009765625,3463.18994140625,3430.760009765625,3444.5,3444.5,634104
3300.02001953125,3334.392333984375,3273.320068359375,3319.1298828125,3319.1298828125,1856120
3318.5,3332.429931640625,3304.320068359375,3321.5,3321.5,552108
3321.8701171875,3323.02001953125,3302.0,3318.867431640625,3318.867431640625,452046
3318.760009765625,3346.0,3310.429931640625,3337.38232421875,3337.38232421875,474825
3337.679931640625,3353.8798828125,3336.12353515625,3340.0,3340.0,476150
3340.344970703125,3356.0,3337.949951171875,3356.0,3356.0,287704
3355.545166015625,3355.929931640625,3343.501708984375,3345.66796875,3345.66796875,183049
3346.659912109375,3359.639892578125,3346.0,3353.93505859375,3353.93505859375,181274
3354.669921875,3354.669921875,3346.5400390625,3352.530029296875,3352.530029296875,174656
3351.64990234375,3354.260009765625,3341.68994140625,3342.675048828125,3342.675048828125,171989
3342.530029296875,3352.0,3340.909912109375,3347.364990234375,3347.364990234375,156172
3346.929931640625,3347.849853515625,3337.77001953125,3342.56005859375,3342.56005859375,209838
3342.989990234375,3374.820068359375,3342.719970703125,3372.429931640625,3372.429931640625,554641
3366.139892578125,3375.860107421875,3325.0,3330.7451171875,3330.7451171875,735155
3330.0,3349.989990234375,3329.219970703125,3341.77490234375,3341.77490234375,315757
3341.050048828125,3346.0,3331.81494140625,3339.139892578125,3339.139892578125,200123
3339.054931640625,3342.580078125,3333.669921875,3335.110107421875,3335.110107421875,138416
3335.27001953125,3344.2099609375,3333.0,3337.0,3337.0,169017
3336.7099609375,3336.7099609375,3328.110107421875,3329.3798828125,3329.3798828125,169458
3329.574462890625,3331.0,3319.0,3321.289794921875,3321.289794921875,163482
3320.699951171875,3327.3701171875,3310.39990234375,3310.39990234375,3310.39990234375,191269
3310.469970703125,3310.7607421875,3292.02001953125,3297.699951171875,3297.699951171875,344625
3298.22998046875,3306.759033203125,3298.22998046875,3301.179931640625,3301.179931640625,198293
3301.030029296875,3305.4599609375,3298.02490234375,3299.27001953125,3299.27001953125,167300
3298.590087890625,3313.0,3298.590087890625,3312.010009765625,3312.010009765625,194639
3311.760009765625,3318.77001953125,3307.6650390625,3317.989990234375,3317.989990234375,410800
3315.010009765625,3328.0,3300.760009765625,3320.239990234375,3320.239990234375,420717
3321.840087890625,3325.199951171875,3303.080078125,3308.02001953125,3308.02001953125,223217
3308.300048828125,3308.780029296875,3296.3798828125,3297.760009765625,3297.760009765625,219380
3298.8798828125,3299.331298828125,3288.760009765625,3294.5,3294.5,200817
3292.429931640625,3294.43505859375,3283.550048828125,3291.425048828125,3291.425048828125,173095
3290.739990234375,3297.909912109375,3289.639892578125,3295.89990234375,3295.89990234375,122841
3295.72509765625,3296.0,3288.110107421875,3289.719970703125,3289.719970703125,114870
3290.610107421875,3302.760009765625,3290.010009765625,3295.60009765625,3295.60009765625,119767
3295.56005859375,3298.760009765625,3292.3701171875,3298.64990234375,3298.64990234375,80961
3298.93994140625,3298.93994140625,3292.760009765625,3293.514892578125,3293.514892578125,110266
3294.02587890625,3306.89990234375,3292.77001953125,3305.47509765625,3305.47509765625,124151
3305.580078125,3309.0,3303.235107421875,3304.389892578125,3304.389892578125,145676
3304.179931640625,3313.18994140625,3299.205078125,3313.169921875,3313.169921875,355222
3309.0,3326.84912109375,3297.52001953125,3323.0,3323.0,395472
3323.2900390625,3324.75,3311.534912109375,3315.64990234375,3315.64990234375,182336
3316.429931640625,3320.5400390625,3312.5,3314.77001953125,3314.77001953125,119625
3315.375,3316.21435546875,3309.6298828125,3314.389892578125,3314.389892578125,99741
3313.0,3330.989990234375,3309.419921875,3328.4599609375,3328.4599609375,141970
3328.320068359375,3340.0,3327.919921875,3332.554931640625,3332.554931640625,196864
3331.5,3334.360107421875,3324.489990234375,3326.099853515625,3326.099853515625,97814
3325.3798828125,3332.43994140625,3322.689697265625,3332.43994140625,3332.43994140625,76425
3332.989990234375,3356.800048828125,3332.989990234375,3348.340087890625,3348.340087890625,329357
3347.280029296875,3367.76708984375,3339.010009765625,3354.93994140625,3354.93994140625,337250
3355.139892578125,3374.0,3350.59228515625,3372.15087890625,3372.15087890625,255400
3372.155029296875,3390.481689453125,3370.0,3390.06005859375,3390.06005859375,329109
3390.48388671875,3394.919921875,3380.050048828125,3384.0,3384.0,530715
3370.0,3444.0,3365.0,3439.9599609375,3439.9599609375,849136
3440.830078125,3463.77001953125,3426.0,3462.510009765625,3462.510009765625,678058
3461.06005859375,3465.989990234375,3450.75,3461.889892578125,3461.889892578125,442370
3461.824951171875,3461.824951171875,3435.0,3439.389892578125,3439.389892578125,365906
3439.949951171875,3458.97998046875,3434.875,3458.760009765625,3458.760009765625,234392
3459.135009765625,3468.31494140625,3454.675048828125,3463.330078125,3463.330078125,276446
3462.669921875,3466.969970703125,3458.199951171875,3465.43994140625,3465.43994140625,202935
3465.5,3485.43505859375,3462.8291015625,3484.5,3484.5,308138
3486.1201171875,3498.0,3486.110107421875,3492.969970703125,3492.969970703125,324685
3492.699951171875,3496.989990234375,3478.85009765625,3493.47998046875,3493.47998046875,313282
3494.72998046875,3498.625,3476.429931640625,3476.715087890625,3476.715087890625,247052
3474.81494140625,3491.074951171875,3470.510009765625,3490.570068359375,3490.570068359375,286135
3492.0,3498.25,3473.169921875,3477.0400390625,3477.0400390625,590711
3477.0,3527.0400390625,3476.97998046875,3527.0400390625,3527.0400390625,996374
3527.39990234375,3546.360107421875,3523.469970703125,3525.5849609375,3525.5849609375,536617
3526.22998046875,3538.699951171875,3525.0,3538.699951171875,3538.699951171875,266364
3538.81005859375,3540.489990234375,3529.64990234375,3535.72509765625,3535.72509765625,231383
3535.330078125,3549.0,3535.330078125,3546.81005859375,3546.81005859375,234303
3546.590087890625,3561.0,3545.0,3560.90380859375,3560.90380859375,313358
3560.694580078125,3566.25,3546.85009765625,3548.330078125,3548.330078125,261472
3547.989990234375,3551.02001953125,3529.8701171875,3530.840087890625,3530.840087890625,434685
3530.52001953125,3547.81005859375,3530.0,3547.0,3547.0,255692
3546.090087890625,3549.56005859375,3539.3798828125,3548.905029296875,3548.905029296875,160442
3549.489990234375,3551.550048828125,3544.1298828125,3546.429931640625,3546.429931640625,188837
3546.39990234375,3546.39990234375,3507.1298828125,3518.93505859375,3518.93505859375,386060
3519.1201171875,3531.9599609375,3516.320068359375,3516.639892578125,3516.639892578125,387678
3523.239990234375,3579.0,3520.860107421875,3550.0,3550.0,634366
3552.010009765625,3552.800048828125,3529.909912109375,3535.574951171875,3535.574951171875,247771
3535.47509765625,3540.864990234375,3515.800048828125,3523.8701171875,3523.8701171875,219725
3522.794921875,3530.469970703125,3509.050048828125,3529.31005859375,3529.31005859375,175505
3529.300048828125,3531.16650390625,3510.0,3512.820068359375,3512.820068359375,129026
3513.06005859375,3513.969970703125,3507.27001953125,3509.7900390625,3509.7900390625,134312
3511.389892578125,3517.984130859375,3507.550048828125,3516.904296875,3516.904296875,119083
3515.470947265625,3521.75,3513.97509765625,3518.155029296875,3518.155029296875,117359
3517.39501953125,3518.239990234375,3507.110107421875,3507.4599609375,3507.4599609375,87038
3507.81005859375,3512.830078125,3493.860107421875,3495.0009765625,3495.0009765625,189125
3494.47998046875,3511.469970703125,3490.389892578125,3503.030029296875,3503.030029296875,208962
3502.35009765625,3508.0,3499.635009765625,3502.030029296875,3502.030029296875,193446
3501.969970703125,3504.43994140625,3487.860107421875,3487.889892578125,3487.889892578125,353478
3515.25,3538.0,3505.139892578125,3518.0,3518.0,754711
3516.655029296875,3525.0,3501.425048828125,3519.93994140625,3519.93994140625,310829
3523.10498046875,3547.0,3519.840087890625,3537.6298828125,3537.6298828125,286839
3537.840087890625,3544.199951171875,3532.610107421875,3539.622802734375,3539.622802734375,153302
3540.135009765625,3575.300048828125,3537.330078125,3565.56005859375,3565.56005859375,345157
3563.77001953125,3564.949951171875,3553.2900390625,3562.0,3562.0,178914
3561.580078125,3591.800048828125,3560.0,3589.199951171875,3589.199951171875,325458
3590.0,3593.77001953125,3577.159912109375,3584.72998046875,3584.72998046875,287927
3585.590087890625,3589.0,3575.760009765625,3582.989990234375,3582.989990234375,228295
3581.989990234375,3589.280029296875,3575.93994140625,3585.114990234375,3585.114990234375,239177
3584.300048828125,3587.530029296875,3563.700927734375,3572.220947265625,3572.220947265625,239661
3573.219970703125,3576.550048828125,3563.25,3567.60009765625,3567.60009765625,206988
3567.580078125,3580.051025390625,3566.550048828125,3577.64990234375,3577.64990234375,442415
3563.8701171875,3597.419921875,3541.338623046875,3593.905029296875,3593.905029296875,743529
3593.969970703125,3603.0,3583.62890625,3592.81005859375,3592.81005859375,296180
3591.81005859375,3605.449951171875,3585.81005859375,3599.0,3599.0,202310
3599.06005859375,3604.2099609375,3591.639892578125,3592.6298828125,3592.6298828125,164894
3591.5400390625,3595.22998046875,3584.6298828125,3592.510009765625,3592.510009765625,181971
3594.0,3596.919921875,3578.0,3578.5849609375,3578.5849609375,131438
3578.9951171875,3583.010009765625,3559.080078125,3568.0,3568.0,215039
3567.6298828125,3571.0400390625,3528.31005859375,3543.409912109375,3543.409912109375,293145
3544.030029296875,3552.199951171875,3520.0,3527.388427734375,3527.388427734375,205670
3525.840087890625,3527.320068359375,3486.6650390625,3486.6650390625,3486.6650390625,278047
3487.77001953125,3496.0,3472.7548828125,3482.449951171875,3482.449951171875,294956
3481.89990234375,3498.5400390625,3480.659912109375,3490.199951171875,3490.199951171875,234867
3487.199951171875,3489.550048828125,3463.830078125,3482.106689453125,3482.106689453125,513976
3513.0,3543.239990234375,3502.010009765625,3539.6201171875,3539.6201171875,502069
3540.544921875,3543.070068359375,3505.333984375,3507.780029296875,3507.780029296875,233871
3508.85009765625,3523.828369140625,3506.360107421875,3510.679931640625,3510.679931640625,179424
3510.885009765625,3520.306884765625,3501.739013671875,3515.050048828125,3515.050048828125,122762
3515.39501953125,3522.40771484375,3510.929931640625,3513.75,3513.75,98062
3514.06005859375,3517.0,3488.0,3497.515625,3497.515625,130402
3496.550048828125,3504.929931640625,3495.110107421875,3498.070068359375,3498.070068359375,70698
3494.409912109375,3497.89990234375,3488.909912109375,3496.9599609375,3496.9599609375,79732
3496.860107421875,3498.0400390625,3489.68994140625,3492.0048828125,3492.0048828125,82117
3490.14990234375,3492.919921875,3482.070068359375,3483.010009765625,3483.010009765625,99765
3484.699951171875,3493.47998046875,3478.68994140625,3479.0,3479.0,109411
3478.02490234375,3480.10009765625,3467.469970703125,3477.56005859375,3477.56005859375,157227
3478.25,3479.309814453125,3468.0,3472.4599609375,3472.4599609375,263239
3485.0,3487.070068359375,3447.050048828125,3476.0,3476.0,463048
3472.280029296875,3491.264404296875,3472.280029296875,3486.045654296875,3486.045654296875,199920
3489.169921875,3497.0,3478.090087890625,3495.550048828125,3495.550048828125,130797
3495.639892578125,3521.239990234375,3495.5,3520.580078125,3520.580078125,261374
3520.159912109375,3522.840087890625,3511.564697265625,3518.360107421875,3518.360107421875,160300
3519.3701171875,3538.0,3518.389892578125,3534.3798828125,3534.3798828125,217609
3534.5,3540.726318359375,3527.22998046875,3530.0,3530.0,159878
3527.330078125,3527.330078125,3516.43505859375,3521.77001953125,3521.77001953125,119582
3521.848388671875,3526.0,3519.639892578125,3521.27001953125,3521.27001953125,55574
3520.1201171875,3520.1201171875,3513.02490234375,3513.18505859375,3513.18505859375,60115
3513.419921875,3517.27001953125,3506.135009765625,3516.0,3516.0,130639
3515.81005859375,3523.5,3507.239990234375,3522.659912109375,3522.659912109375,121907
3522.625,3529.75,3517.625,3525.969970703125,3525.969970703125,270043
3537.0,3591.0,3532.0,3584.639892578125,3584.639892578125,577893
3584.510009765625,3588.0,3542.210205078125,3551.5,3551.5,303112
3551.989990234375,3554.0,3535.0,3544.9150390625,3544.9150390625,239792
3544.460693359375,3552.22998046875,3542.25,3543.0,3543.0,127705
3543.050048828125,3552.51220703125,3525.81005859375,3532.3701171875,3532.3701171875,171209
3531.344970703125,3545.6708984375,3531.344970703125,3538.02001953125,3538.02001953125,120756
3539.074951171875,3545.969970703125,3536.0,3539.580078125,3539.580078125,99118
3539.574951171875,3555.56005859375,3538.72998046875,3550.0,3550.0,112919
3549.429931640625,3553.041259765625,3547.429931640625,3547.864990234375,3547.864990234375,73832
3547.719970703125,3567.330078125,3543.110107421875,3560.139892578125,3560.139892578125,158575
3557.324951171875,3562.330078125,3547.679931640625,3551.9599609375,3551.9599609375,122575
3552.9150390625,3556.0,3544.6201171875,3555.429931640625,3555.429931640625,102013
3555.625,3555.625,3537.06005859375,3545.68994140625,3545.68994140625,224409
3539.0,3576.5,3538.47998046875,3539.9599609375,3539.9599609375,413131
3539.989990234375,3551.375,3528.0,3528.226318359375,3528.226318359375,245880
3525.199951171875,3546.389892578125,3525.146484375,3544.669921875,3544.669921875,143829
3544.580078125,3565.909912109375,3543.843994140625,3560.7900390625,3560.7900390625,166591
3561.340087890625,3563.320068359375,3550.010009765625,3557.14990234375,3557.14990234375,111159
3557.77001953125,3563.070068359375,3554.0,3558.199951171875,3558.199951171875,74725
3557.989990234375,3562.530029296875,3556.02001953125,3558.2900390625,3558.2900390625,70311
3557.989990234375,3558.280029296875,3546.510009765625,3546.699951171875,3546.699951171875,81423
3547.56005859375,3548.001708984375,3542.72998046875,3547.760009765625,3547.760009765625,92791
3546.77490234375,3547.360107421875,3539.280029296875,3542.010009765625,3542.010009765625,85830
3541.739990234375,3546.030029296875,3539.820556640625,3542.945068359375,3542.945068359375,68277
3542.669921875,3551.0,3538.97998046875,3549.97509765625,3549.97509765625,122718
3548.18994140625,3550.0,3537.0,3540.699951171875,3540.699951171875,229635
3564.719970703125,3583.0,3559.949951171875,3568.360107421875,3568.360107421875,545148
3566.050048828125,3582.0,3565.0,3566.27001953125,3566.27001953125,222691
3565.0,3567.64306640625,3549.5400390625,3554.330078125,3554.330078125,147930
3552.75,3563.590087890625,3551.25830078125,3558.719970703125,3558.719970703125,113508
3558.0,3579.1201171875,3557.08642578125,3578.780029296875,3578.780029296875,126148
3578.044921875,3587.2451171875,3571.35009765625,3572.14990234375,3572.14990234375,233581
3572.139892578125,3582.429931640625,3570.550048828125,3572.550048828125,3572.550048828125,145617
3571.889892578125,3573.256103515625,3558.045166015625,3566.669921875,3566.669921875,127444
3566.02001953125,3572.5,3560.56005859375,3571.679931640625,3571.679931640625,90590
3571.639892578125,3571.639892578125,3560.280029296875,3562.330078125,3562.330078125,76500
3561.43505859375,3564.0,3554.110107421875,3562.0,3562.0,102724
3562.0,3562.0,3547.659912109375,3553.0,3553.0,154694
3553.47998046875,3559.0,3545.35009765625,3548.860107421875,3548.860107421875,276242
3566.35009765625,3585.854736328125,3561.0,3583.639892578125,3583.639892578125,475368
3581.72021484375,3622.0,3581.72021484375,3607.804931640625,3607.804931640625,683177
3608.610107421875,3638.0,3608.004150390625,3637.010009765625,3637.010009765625,522907
3637.010009765625,3652.570068359375,3622.0,3648.0,3648.0,464877
3648.455078125,3673.0,3645.800048828125,3664.760498046875,3664.760498046875,494141
3664.989990234375,3679.75,3664.7900390625,3673.800048828125,3673.800048828125,353197
3674.39990234375,3674.5,3651.169921875,3663.830078125,3663.830078125,289008
3662.56005859375,3674.969970703125,3662.56005859375,3669.4599609375,3669.4599609375,264365
3669.699951171875,3682.669921875,3667.610595703125,3680.179931640625,3680.179931640625,225340
3680.179931640625,3684.199951171875,3668.090087890625,3672.5,3672.5,253148
3672.219970703125,3679.0,3663.01806640625,3669.1201171875,3669.1201171875,222330
3667.429931640625,3684.83984375,3665.735107421875,3681.14990234375,3681.14990234375,301340
3681.7373046875,3704.199951171875,3680.14990234375,3696.070068359375,3696.070068359375,800898
3712.68994140625,3756.89990234375,3705.179931640625,3754.909912109375,3754.909912109375,1186744
3756.18994140625,3756.18994140625,3718.0,3733.669921875,3733.669921875,539826
3733.195068359375,3745.0,3726.55712890625,3741.969970703125,3741.969970703125,235316
3742.074951171875,3759.669677734375,3740.47998046875,3752.195068359375,3752.195068359375,310918
3754.1201171875,3762.14501953125,3747.7939453125,3754.47998046875,3754.47998046875,296948
3753.385009765625,3756.14990234375,3737.655029296875,3745.5,3745.5,189935
3745.02490234375,3747.791015625,3715.802490234375,3723.2099609375,3723.2099609375,228762
3724.02001953125,3727.9599609375,3682.68017578125,3687.489990234375,3687.489990234375,293323
3686.695068359375,3714.89990234375,3686.695068359375,3713.3076171875,3713.3076171875,273354
3714.409912109375,3720.522216796875,3704.528564453125,3713.360595703125,3713.360595703125,193374
3713.824951171875,3718.320068359375,3698.43994140625,3701.0,3701.0,175607
3703.14990234375,3703.449951171875,3686.0,3686.02001953125,3686.02001953125,198051
3685.956298828125,3690.159912109375,3675.719970703125,3676.820068359375,3676.820068359375,416468
3676.376708984375,3713.455078125,3667.820068359375,3667.820068359375,3667.820068359375,669379
3670.139892578125,3674.16845703125,3613.0,3613.0,3613.0,533389
3612.31005859375,3634.0,3598.320068359375,3601.909912109375,3601.909912109375,461417
3601.0,3616.57958984375,3597.010009765625,3609.510009765625,3609.510009765625,404973
3608.139892578125,3621.0,3577.580078125,3590.239990234375,3590.239990234375,395581
3587.56005859375,3595.419921875,3567.5,3574.514892578125,3574.514892578125,291778
3575.169921875,3604.4150390625,3571.64990234375,3588.0,3588.0,301845
3588.22998046875,3598.93994140625,3578.0,3598.02001953125,3598.02001953125,179944
3597.139892578125,3605.0,3580.639892578125,3580.639892578125,3580.639892578125,216169
3582.52001953125,3603.47998046875,3581.445068359375,3595.18994140625,3595.18994140625,133158
3595.090087890625,3616.0,3594.284912109375,3612.820068359375,3612.820068359375,184674
3612.490234375,3623.14990234375,3602.239990234375,3605.0400390625,3605.0400390625,195515
3603.385498046875,3605.89990234375,3569.1201171875,3572.830078125,3572.830078125,451891
3585.0400390625,3620.9599609375,3562.239990234375,3593.0,3593.0,659078
3593.0,3595.090087890625,3557.0,3561.670654296875,3561.670654296875,314045
3561.5,3572.02197265625,3545.090087890625,3548.139892578125,3548.139892578125,271308
3547.52490234375,3567.75,3529.14990234375,3562.919921875,3562.919921875,339532
3562.0,3567.8798828125,3548.3798828125,3554.449951171875,3554.449951171875,161567
3553.929931640625,3558.0,3537.199951171875,3552.304931640625,3552.304931640625,159496
3553.18994140625,3563.0498046875,3539.610107421875,3543.090087890625,3543.090087890625,124565
3541.89990234375,3549.8701171875,3540.010009765625,3542.669921875,3542.669921875,117530
3541.2900390625,3558.159912109375,3527.7099609375,3555.659912109375,3555.659912109375,198409
3556.429931640625,3563.1298828125,3546.56005859375,3556.469970703125,3556.469970703125,223103
3555.8701171875,3580.39990234375,3554.0,3578.169921875,3578.169921875,177990
3579.465576171875,3589.949951171875,3567.485107421875,3580.080078125,3580.080078125,242653
3580.97998046875,3589.81005859375,3572.8798828125,3580.56005859375,3580.56005859375,287207
3562.669921875,3569.949951171875,3537.445068359375,3555.989990234375,3555.989990234375,326150
3554.6298828125,3572.780029296875,3541.510009765625,3572.780029296875,3572.780029296875,233616
3571.35009765625,3578.77978515625,3563.0,3571.969970703125,3571.969970703125,198365
3572.0,3602.81005859375,3563.68994140625,3600.27001953125,3600.27001953125,210393
3601.85009765625,3613.639892578125,3594.72998046875,3602.804931640625,3602.804931640625,192923
3601.7099609375,3605.15625,3587.194091796875,3590.5,3590.5,138266
3591.0,3599.81005859375,3589.429931640625,3595.5849609375,3595.5849609375,66236
3597.330078125,3599.97998046875,3591.603271484375,3592.06494140625,3592.06494140625,68188
3592.949951171875,3594.34619140625,3573.760009765625,3574.0,3574.0,98132
3574.6650390625,3584.7900390625,3560.0,3566.594970703125,3566.594970703125,155325
3567.679931640625,3577.0,3565.0,3573.550048828125,3573.550048828125,86382
3573.449951171875,3586.590087890625,3568.0,3578.43310546875,3578.43310546875,120582
3579.18994140625,3586.14990234375,3575.06005859375,3579.080078125,3579.080078125,220842
3602.094970703125,3633.5,3555.54248046875,3589.6650390625,3589.6650390625,822516
3588.919921875,3593.25,3540.22998046875,3552.284912109375,3552.284912109375,366083
3551.2099609375,3556.179931640625,3525.919921875,3531.6650390625,3531.6650390625,309473
3531.110107421875,3534.820068359375,3515.10009765625,3533.704345703125,3533.704345703125,278061
3533.280029296875,3540.169921875,3525.60009765625,3530.679931640625,3530.679931640625,196660
3531.7900390625,3537.9599609375,3520.260009765625,3537.530029296875,3537.530029296875,206146
3536.179931640625,3541.943115234375,3504.14990234375,3505.389892578125,3505.389892578125,507709
3504.56005859375,3537.4326171875,3504.074951171875,3513.5400390625,3513.5400390625,0
3547.644287109375,3566.010009765625,3531.5,3564.9599609375,3564.9599609375,615769
3565.0,3583.139892578125,3555.510009765625,3572.75,3572.75,369987
3574.18994140625,3581.0,3559.02001953125,3563.3076171875,3563.3076171875,231165
3562.8349609375,3575.570068359375,3560.820068359375,3568.864990234375,3568.864990234375,127389
3570.580078125,3582.830078125,3569.2099609375,3576.182861328125,3576.182861328125,158992
3576.860107421875,3589.39501953125,3570.77001953125,3586.280029296875,3586.280029296875,170082
3586.510009765625,3593.0,3583.330078125,3587.050048828125,3587.050048828125,155579
3587.550048828125,3595.010009765625,3583.0,3592.460205078125,3592.460205078125,126500
3594.18994140625,3596.0,3586.8349609375,3588.909912109375,3588.909912109375,111682
3589.1298828125,3591.22998046875,3573.14990234375,3575.429931640625,3575.429931640625,145519
3575.68994140625,3580.0400390625,3566.39990234375,3580.0400390625,3580.0400390625,144116
3579.820068359375,3586.1201171875,3570.989990234375,3574.72998046875,3574.72998046875,136210
3573.419921875,3580.3798828125,3558.300048828125,3560.679931640625,3560.679931640625,474864
3563.5,3583.989990234375,3557.050048828125,3570.429931640625,3570.429931640625,467114
3568.8798828125,3585.77001953125,3558.279052734375,3566.559326171875,3566.559326171875,292922
3568.97998046875,3571.110107421875,3509.139892578125,3510.18505859375,3510.18505859375,363874
3509.1298828125,3534.0,3506.449951171875,3521.5400390625,3521.5400390625,321560
3518.2900390625,3528.070068359375,3510.35009765625,3516.27001953125,3516.27001953125,215174
3514.75,3514.75,3492.010009765625,3505.110107421875,3505.110107421875,258895
3505.090087890625,3514.530029296875,3501.22998046875,3504.14990234375,3504.14990234375,135396
3506.830078125,3511.217529296875,3499.239990234375,3501.820556640625,3501.820556640625,144932
3500.2099609375,3520.989990234375,3500.2099609375,3520.989990234375,3520.989990234375,164028
3520.764892578125,3524.2900390625,3510.75,3518.989990234375,3518.989990234375,139768
3518.1298828125,3520.2900390625,3499.43994140625,3506.929931640625,3506.929931640625,156717
3505.7900390625,3509.429931640625,3497.6298828125,3501.574951171875,3501.574951171875,171214
3501.254638671875,3513.7900390625,3495.0,3507.52001953125,3507.52001953125,469796
3545.0,3558.0,3521.070068359375,3533.1201171875,3533.1201171875,493959
3535.969970703125,3548.590087890625,3527.070068359375,3529.780029296875,3529.780029296875,244496
3530.0,3542.300048828125,3526.610107421875,3540.39990234375,3540.39990234375,150705
3542.179931640625,3559.8798828125,3533.639892578125,3553.2099609375,3553.2099609375,248811
3555.409912109375,3555.9755859375,3533.1298828125,3536.60009765625,3536.60009765625,210940
3536.135009765625,3542.27001953125,3527.010009765625,3527.8798828125,3527.8798828125,152632
3530.179931640625,3532.7548828125,3503.300048828125,3504.0,3504.0,177360
3503.56005859375,3512.510009765625,3496.0,3509.1298828125,3509.1298828125,255246
3508.97998046875,3509.56982421875,3486.610107421875,3495.080078125,3495.080078125,224022
3494.43994140625,3494.72998046875,3471.510009765625,3488.27001953125,3488.27001953125,272249
3488.010009765625,3491.18994140625,3478.0,3482.139892578125,3482.139892578125,193939
3483.0,3483.0,3451.0,3460.2900390625,3460.2900390625,309078
3458.570068359375,3474.830078125,3441.60009765625,3443.699951171875,3443.699951171875,488126
3460.0,3492.18994140625,3442.0,3474.7900390625,3474.7900390625,531913
3474.97509765625,3487.389892578125,3447.419921875,3461.820068359375,3461.820068359375,299126
3465.0,3465.0,3426.0,3446.97998046875,3446.97998046875,296396
3444.780029296875,3457.260009765625,3435.4501953125,3450.7900390625,3450.7900390625,199145
3450.840087890625,3450.840087890625,3427.39990234375,3442.0,3442.0,170382
3442.1650390625,3475.60009765625,3438.179931640625,3467.340087890625,3467.340087890625,216019
3467.89990234375,3471.989990234375,3452.0,3452.699951171875,3452.699951171875,141070
3450.0,3457.3798828125,3437.010009765625,3439.7900390625,3439.7900390625,137195
3440.39990234375,3454.699951171875,3433.02001953125,3452.0,3452.0,149180
3452.409912109375,3452.409912109375,3435.5,3445.6201171875,3445.6201171875,113494
3445.4599609375,3446.909912109375,3428.5,3432.840087890625,3432.840087890625,115445
3434.47998046875,3441.845458984375,3423.75,3431.550048828125,3431.550048828125,166600
3435.35009765625,3454.0,3427.919921875,3437.360107421875,3437.360107421875,364201
3455.0,3469.864990234375,3411.64501953125,3411.64501953125,3411.64501953125,481144
3414.830078125,3421.7626953125,3396.719970703125,3412.455078125,3412.455078125,319785
3411.0,3411.280029296875,3379.18994140625,3384.425048828125,3384.425048828125,280249
3384.419921875,3398.603515625,3375.8701171875,3397.030029296875,3397.030029296875,238035
3395.0,3397.070068359375,3365.10009765625,3366.282470703125,3366.282470703125,228409
3367.155029296875,3380.800048828125,3363.670166015625,3374.0,3374.0,201049
3373.14990234375,3382.97216796875,3365.639892578125,3376.669921875,3376.669921875,155548
3374.909912109375,3394.580078125,3373.77490234375,3376.909912109375,3376.909912109375,184855
3377.2451171875,3377.2451171875,3360.0,3360.0,3360.0,178829
3360.0,3368.179931640625,3353.66748046875,3360.010009765625,3360.010009765625,166387
3362.1650390625,3363.909912109375,3353.050048828125,3354.820068359375,3354.820068359375,160207
3353.60009765625,3356.25,3338.60009765625,3350.929931640625,3350.929931640625,263684
3352.1298828125,3394.0,3344.449951171875,3390.260009765625,3390.260009765625,558990
3393.0,3404.989990234375,3338.81005859375,3366.070068359375,3366.070068359375,575098
3365.909912109375,3424.0,3355.0,3412.52001953125,3412.52001953125,362772
3414.889892578125,3420.525146484375,3387.10009765625,3400.0,3400.0,265189
3404.0,3414.969970703125,3395.89013671875,3410.343017578125,3410.343017578125,137003
3409.419921875,3427.985107421875,3404.860107421875,3415.9599609375,3415.9599609375,130018
3417.0,3449.0,3414.4599609375,3448.14501953125,3448.14501953125,178097
3447.35009765625,3461.4599609375,3442.445068359375,3459.3701171875,3459.3701171875,217059
3457.820068359375,3466.0,3453.080078125,3462.56787109375,3462.56787109375,152756
3462.669921875,3462.669921875,3451.159912109375,3456.2451171875,3456.2451171875,115690
3457.610107421875,3470.0,3456.2529296875,3468.969970703125,3468.969970703125,130916
3469.35009765625,3473.909912109375,3446.050048828125,3449.320068359375,3449.320068359375,183653
3449.219970703125,3450.679931640625,3428.074951171875,3433.2451171875,3433.2451171875,223799
3432.2900390625,3438.81005859375,3421.300048828125,3427.97998046875,3427.97998046875,387668
3492.0,3504.0,3468.190185546875,3499.179931640625,3499.179931640625,518442
3500.0,3511.530029296875,3495.8798828125,3499.4951171875,3499.4951171875,229809
3500.929931640625,3516.27001953125,3500.47998046875,3514.31494140625,3514.31494140625,215354
3514.7900390625,3532.010009765625,3513.2333984375,3531.219970703125,3531.219970703125,251849
3529.989990234375,3540.830078125,3525.06005859375,3535.0,3535.0,184146
3533.6201171875,3534.43994140625,3514.0,3522.0,3522.0,186507
3522.0,3540.030029296875,3520.5,3538.0,3538.0,152826
3535.82373046875,3542.830078125,3527.860107421875,3541.260009765625,3541.260009765625,161885
3543.10009765625,3549.989990234375,3539.199951171875,3544.85498046875,3544.85498046875,155948
3544.8701171875,3546.0,3533.0,3544.330078125,3544.330078125,126686
3544.35009765625,3544.35009765625,3528.110107421875,3529.75,3529.75,119087
3529.659912109375,3535.0,3515.080078125,3518.489990234375,3518.489990234375,181798
3517.534912109375,3524.300048828125,3510.06005859375,3523.830078125,3523.830078125,452610
3523.010009765625,3531.39892578125,3498.010009765625,3515.0,3515.0,414204
3514.179931640625,3527.0,3502.0,3510.489990234375,3510.489990234375,252834
3513.35009765625,3515.85498046875,3502.489990234375,3504.715087890625,3504.715087890625,171147
3503.0,3509.090087890625,3495.010009765625,3508.43994140625,3508.43994140625,142251
3508.89990234375,3514.27490234375,3501.0,3506.114990234375,3506.114990234375,108494
3507.080078125,3513.0,3503.139892578125,3513.0,3513.0,70150
3511.431640625,3520.5,3511.431640625,3518.179931640625,3518.179931640625,70569
3517.889892578125,3522.590087890625,3515.81005859375,3519.840087890625,3519.840087890625,58045
3519.409912109375,3543.60009765625,3519.159912109375,3529.570068359375,3529.570068359375,154867
3529.6201171875,3530.4619140625,3520.89990234375,3527.47998046875,3527.47998046875,117726
3526.8701171875,3527.752685546875,3520.9501953125,3526.989990234375,3526.989990234375,54796
3526.72998046875,3530.0,3522.449951171875,3527.77001953125,3527.77001953125,63701
3527.780029296875,3529.139892578125,3519.010009765625,3521.580078125,3521.580078125,270601
3515.0,3539.0,3502.0,3510.0,3510.0,301578
3509.0400390625,3519.050048828125,3489.503662109375,3489.503662109375,3489.503662109375,202184
3489.719970703125,3504.300048828125,3489.47998046875,3502.10009765625,3502.10009765625,124331
3503.030029296875,3518.02001953125,3500.199951171875,3517.0,3517.0,115176
3517.0,3520.4599609375,3506.949951171875,3512.8701171875,3512.8701171875,122191
3511.010009765625,3520.320068359375,3510.0,3514.31005859375,3514.31005859375,68536
3513.780029296875,3521.989990234375,3510.6298828125,3520.929931640625,3520.929931640625,66431
3521.219970703125,3521.219970703125,3512.114990234375,3513.31005859375,3513.31005859375,69258
3513.7099609375,3515.219970703125,3494.12890625,3502.135009765625,3502.135009765625,90620
3502.485107421875,3508.429931640625,3500.445068359375,3503.860107421875,3503.860107421875,67425
3504.89990234375,3508.639892578125,3494.659912109375,3495.278076171875,3495.278076171875,91326
3495.219970703125,3501.0,3485.530029296875,3490.580078125,3490.580078125,128267
3490.0400390625,3495.219970703125,3482.7900390625,3483.14990234375,3483.14990234375,295173
3508.340087890625,3518.5400390625,3467.199951171875,3468.75244140625,3468.75244140625,426947
3466.25,3473.06005859375,3446.044921875,3454.0,3454.0,215528
3456.719970703125,3456.719970703125,3420.050048828125,3423.4150390625,3423.4150390625,317741
3422.739990234375,3429.97998046875,3410.0,3427.530029296875,3427.530029296875,306586
3428.011474609375,3441.599853515625,3415.054931640625,3441.110107421875,3441.110107421875,217764
3440.72998046875,3441.760009765625,3422.0,3424.6298828125,3424.6298828125,113246
3425.22998046875,3431.360107421875,3416.0,3431.0,3431.0,171399
3431.4951171875,3433.0,3419.9599609375,3425.179931640625,3425.179931640625,112297
3423.9951171875,3426.699951171875,3414.22509765625,3422.0,3422.0,142310
3422.159912109375,3433.010009765625,3418.090087890625,3429.0400390625,3429.0400390625,148655
3428.8798828125,3430.60498046875,3417.10009765625,3418.4599609375,3418.4599609375,88464
3418.0,3431.0,3416.3701171875,3431.0,3431.0,103568
3431.300048828125,3446.43994140625,3430.02001953125,3444.989990234375,3444.989990234375,316229
3440.0,3442.0,3408.43505859375,3411.0,3411.0,379169
3408.330078125,3423.949951171875,3396.2099609375,3398.419921875,3398.419921875,211240
3396.530029296875,3409.1201171875,3394.0,3406.521728515625,3406.521728515625,174444
3405.590087890625,3407.989990234375,3389.47509765625,3394.0,3394.0,141440
3394.35009765625,3400.0,3388.7099609375,3390.89990234375,3390.89990234375,122534
3390.344970703125,3394.070068359375,3382.60009765625,3391.72998046875,3391.72998046875,117420
3393.72998046875,3396.8701171875,3391.219970703125,3394.919921875,3394.919921875,127177
3394.570068359375,3406.72998046875,3392.92431640625,3394.719970703125,3394.719970703125,91453
3394.235107421875,3407.090087890625,3388.110107421875,3400.14990234375,3400.14990234375,89751
3400.22998046875,3415.489990234375,3397.869140625,3410.21630859375,3410.21630859375,99431
3408.1201171875,3409.9599609375,3400.449951171875,3407.659912109375,3407.659912109375,679427
3407.800048828125,3410.014892578125,3402.5048828125,3403.9599609375,3403.9599609375,81575
3403.22998046875,3411.77001953125,3391.010009765625,3391.219970703125,3391.219970703125,316775
3351.0,3375.56005859375,3342.5,3361.050048828125,3361.050048828125,446716
3360.0,3368.780029296875,3344.739990234375,3365.875,3365.875,206710
3365.0,3375.0,3345.050048828125,3348.77685546875,3348.77685546875,193890
3347.6201171875,3354.64990234375,3340.1201171875,3344.2900390625,3344.2900390625,210123
3344.659912109375,3344.679931640625,3330.199951171875,3341.0400390625,3341.0400390625,151418
3342.989990234375,3345.4599609375,3331.27490234375,3336.14208984375,3336.14208984375,177612
3336.139892578125,3340.14990234375,3328.800048828125,3338.3798828125,3338.3798828125,114318
3339.1650390625,3346.0,3338.10009765625,3341.40234375,3341.40234375,130462
3341.64990234375,3344.449951171875,3337.304931640625,3339.949951171875,3339.949951171875,65729
3338.8798828125,3358.3798828125,3338.530029296875,3355.239990234375,3355.239990234375,101677
3355.75,3366.0,3354.0,3361.81005859375,3361.81005859375,92190
3362.491943359375,3379.419921875,3361.510009765625,3378.281494140625,3378.281494140625,137006
3377.830078125,3389.97998046875,3373.199951171875,3381.840087890625,3381.840087890625,414662
3371.9599609375,3373.320068359375,3339.429931640625,3343.054931640625,3343.054931640625,269639
3341.88330078125,3342.8701171875,3324.02734375,3328.570068359375,3328.570068359375,242775
3328.0,3342.699951171875,3322.25,3322.25,3322.25,182031
3321.35009765625,3326.97998046875,3317.0,3321.541015625,3321.541015625,170339
3321.010009765625,3321.010009765625,3308.5,3315.530029296875,3315.530029296875,216360
3316.85009765625,3319.39990234375,3303.89990234375,3314.81005859375,3314.81005859375,141198
3314.655029296875,3318.3798828125,3309.27001953125,3312.2099609375,3312.2099609375,133184
3312.030029296875,3322.0,3308.860107421875,3319.219970703125,3319.219970703125,131028
3318.909912109375,3345.5400390625,3317.169921875,3343.47509765625,3343.47509765625,164072
3342.010009765625,3379.949951171875,3323.080078125,3352.469970703125,3352.469970703125,350300
3352.489990234375,3384.0,3350.0,3374.5400390625,3374.5400390625,226192
3374.580078125,3448.800048828125,3374.014892578125,3428.60009765625,3428.60009765625,471019
3430.0,3472.0,3427.019775390625,3465.68994140625,3465.68994140625,694912
3467.371337890625,3483.320068359375,3422.389892578125,3427.300048828125,3427.300048828125,479834
3424.655029296875,3449.419921875,3405.02490234375,3446.82421875,3446.82421875,289123
3446.719970703125,3450.0,3423.469970703125,3433.69921875,3433.69921875,163361
3434.030029296875,3434.18505859375,3400.64013671875,3411.85498046875,3411.85498046875,255998
3411.050048828125,3412.989990234375,3388.0,3391.39990234375,3391.39990234375,176863
3389.840087890625,3399.97998046875,3385.110107421875,3393.550048828125,3393.550048828125,149703
3394.77001953125,3397.219970703125,3380.0,3380.735107421875,3380.735107421875,114221
3382.534912109375,3398.429931640625,3381.0,3397.8798828125,3397.8798828125,98287
3397.8798828125,3399.5,3382.510009765625,3389.010009765625,3389.010009765625,129510
3389.784912109375,3393.818359375,3373.260009765625,3378.280029296875,3378.280029296875,147332
3379.909912109375,3388.39990234375,3366.669921875,3375.550048828125,3375.550048828125,148866
3374.3701171875,3394.9599609375,3372.291015625,3388.8798828125,3388.8798828125,144554
3389.489990234375,3397.489990234375,3363.205078125,3375.93994140625,3375.93994140625,426002
